Business Type,,Reseller Name,,City,State Name,,,,Head Office,Country,,Region
Specialty Bike Shop,   The Bicycle Accessories Company    ,The Bicycle Accessories Company,ALHAMBRA,Alhambra,California,United,"States,uSA,New York",States,New York,United States,uSA,USA
Value Added Reseller,    Timely Shipping Service    ,Timely Shipping Service,ALPINE,Alpine,California,United,"States,uSA,New York",States,New York,United States,uSA,USA
Value Added Reseller, Good Toys    ,Good Toys,AUBURN,Auburn,California,United,"States,uSA,New York",States,New York,United States,uSA,USA
Specialty Bike Shop,      Basic Sports Equipment    ,Basic Sports Equipment,BALDWIN PARK,Baldwin Park,California,United,"States,uSA,New York",States,New York,United States,uSA,USA
Specialty Bike Shop,     Distinctive Store    ,Distinctive Store,BARSTOW,Barstow,California,United,"States,uSA,New York",States,New York,United States,uSA,USA
Specialty Bike Shop,   Economy Bikes Company    ,Economy Bikes Company,BELL GARDENS,Bell Gardens,California,United,"States,uSA,New York",States,New York,United States,uSA,USA
Warehouse,  Aerobic Exercise Company    ,Aerobic Exercise Company,CAMARILLO,Camarillo,California,United,"States,uSA,New York",States,New York,United States,uSA,USA
Warehouse,   Pro Sporting Goods    ,Pro Sporting Goods,CAMARILLO,Camarillo,California,United,"States,uSA,New York",States,New York,United States,uSA,USA
Warehouse,     Big-Time Bike Store    ,Big-Time Bike Store,CAMARILLO,Camarillo,California,United,"States,uSA,New York",States,New York,United States,uSA,USA
Specialty Bike Shop, Vale Riding Supplies    ,Vale Riding Supplies,CANOGA PARK,Canoga Park,California,United,"States,uSA,New York",States,New York,United States,uSA,USA
Value Added Reseller,        Farthermost Bike Shop    ,Farthermost Bike Shop,CARSON,Carson,California,United,"States,uSA,New York",States,New York,United States,uSA,USA
Warehouse,      Trailblazing Sports    ,Trailblazing Sports,CERRITOS,Cerritos,California,United,"States,uSA,New York",States,New York,United States,uSA,USA
Warehouse,  Valley Bicycle Distributors    ,Valley Bicycle Distributors,CITRUS HEIGHTS,Citrus Heights,California,United,"States,uSA,New York",States,New York,United States,uSA,USA
Warehouse,     Extended Bike Sales    ,Extended Bike Sales,CITY OF COMMERCE,City Of Commerce,California,United,"States,uSA,New York",States,New York,United States,uSA,USA
Value Added Reseller,  Resale Services    ,Resale Services,CULVER CITY,Culver City,California,United,"States,uSA,New York",States,New York,United States,uSA,USA
Warehouse,        Futuristic Bikes    ,Futuristic Bikes,CULVER CITY,Culver City,California,United,"States,uSA,New York",States,New York,United States,uSA,USA
Specialty Bike Shop,          Discount Tours    ,Discount Tours,DALY CITY,Daly City,California,United,"States,uSA,New York",States,New York,United States,uSA,USA
Specialty Bike Shop,"    Unicycles, Bicycles, and Tricycles    ","Unicycles, Bicycles, and Tricycles",DOWNEY,Downey,California,United,"States,uSA,New York",States,New York,United States,uSA,USA
Specialty Bike Shop,   Metropolitan Manufacturing    ,Metropolitan Manufacturing,EL CAJON,El Cajon,California,United,"States,uSA,New York",States,New York,United States,uSA,USA
Value Added Reseller,    Coalition Bike Company    ,Coalition Bike Company,EL SEGUNDO,El Segundo,California,United,"States,uSA,New York",States,New York,United States,uSA,USA
Value Added Reseller, Eighth Bike Store    ,Eighth Bike Store,EL SEGUNDO,El Segundo,California,United,"States,uSA,New York",States,New York,United States,uSA,USA
Value Added Reseller,      Small Bike Shop    ,Small Bike Shop,EL SEGUNDO,El Segundo,California,United,"States,uSA,New York",States,New York,United States,uSA,USA
Specialty Bike Shop,     Alpine Ski House    ,Alpine Ski House,ELK GROVE,Elk Grove,California,United,"States,uSA,New York",States,New York,United States,uSA,USA
Warehouse,   Number 1 Supply    ,Number 1 Supply,ESCONDIDO,Escondido,California,United,"States,uSA,New York",States,New York,United States,uSA,USA
Specialty Bike Shop,  Retail Cycle Shop    ,Retail Cycle Shop,EUREKA,Eureka,California,United,"States,uSA,New York",States,New York,United States,uSA,USA
Value Added Reseller,   Trendy Department Stores    ,Trendy Department Stores,FONTANA,Fontana,California,United,"States,uSA,New York",States,New York,United States,uSA,USA
Specialty Bike Shop,     Metropolitan Sports Supply    ,Metropolitan Sports Supply,FREMONT,Fremont,California,United,"States,uSA,New York",States,New York,United States,uSA,USA
Value Added Reseller, Many Bikes Store    ,Many Bikes Store,FULLERTON,Fullerton,California,United,"States,uSA,New York",States,New York,United States,uSA,USA
Value Added Reseller,        Sturdy Toys    ,Sturdy Toys,GILROY,Gilroy,California,United,"States,uSA,New York",States,New York,United States,uSA,USA
Warehouse,      The New Bike Store    ,The New Bike Store,HANFORD,Hanford,California,United,"States,uSA,New York",States,New York,United States,uSA,USA
Warehouse,  Main Bicycle Services    ,Main Bicycle Services,HAYWARD,Hayward,California,United,"States,uSA,New York",States,New York,United States,uSA,USA
Specialty Bike Shop,     Riding Excursions    ,Riding Excursions,IRVINE,Irvine,California,United,"States,uSA,New York",States,New York,United States,uSA,USA
Warehouse,  Golf and Cycle Store    ,Golf and Cycle Store,LA MESA,La Mesa,California,United,"States,uSA,New York",States,New York,United States,uSA,USA
Value Added Reseller,        Affordable Sports Equipment    ,Affordable Sports Equipment,LAKE ELSINORE,Lake Elsinore,California,United,"States,uSA,New York",States,New York,United States,uSA,USA
Warehouse,          Outdoor Sporting Goods    ,Outdoor Sporting Goods,LAKEWOOD,Lakewood,California,United,"States,uSA,New York",States,New York,United States,uSA,USA
Specialty Bike Shop,    Distant Inn    ,Distant Inn,MILPITAS,Milpitas,California,United,"States,uSA,New York",States,New York,United States,uSA,USA
Warehouse,   Commercial Sporting Goods    ,Commercial Sporting Goods,MODESTO,Modesto,California,United,"States,uSA,New York",States,New York,United States,uSA,USA
Value Added Reseller,    Area Bike Accessories    ,Area Bike Accessories,MODESTO,Modesto,California,United,"States,uSA,New York",States,New York,United States,uSA,USA
Value Added Reseller, Separate Parts Corporation    ,Separate Parts Corporation,MONROVIA,Monrovia,California,United,"States,uSA,New York",States,New York,United States,uSA,USA
Value Added Reseller,      Mountain Bike Center    ,Mountain Bike Center,NEWARK,Newark,California,United,"States,uSA,New York",States,New York,United States,uSA,USA
Warehouse,     Healthy Activity Store    ,Healthy Activity Store,NEWPORT BEACH,Newport Beach,California,United,"States,uSA,New York",States,New York,United States,uSA,USA
Specialty Bike Shop,   Exertion Activities Club    ,Exertion Activities Club,NORWALK,Norwalk,California,United,"States,uSA,New York",States,New York,United States,uSA,USA
Value Added Reseller,  Strenuous Exercise Shop    ,Strenuous Exercise Shop,NORWALK,Norwalk,California,United,"States,uSA,New York",States,New York,United States,uSA,USA
Value Added Reseller,   Technical Parts Manufacturing    ,Technical Parts Manufacturing,ONTARIO,Ontario,California,United,"States,uSA,New York",States,New York,United States,uSA,USA
Warehouse,     Preferred Bikes    ,Preferred Bikes,ONTARIO,Ontario,California,United,"States,uSA,New York",States,New York,United States,uSA,USA
Value Added Reseller, Wire Baskets and Parts    ,Wire Baskets and Parts,ORANGE,Orange,California,United,"States,uSA,New York",States,New York,United States,uSA,USA
Value Added Reseller,        Thrifty Parts and Sales    ,Thrifty Parts and Sales,OXNARD,Oxnard,California,United,"States,uSA,New York",States,New York,United States,uSA,USA
Specialty Bike Shop,      Engineered Bike Systems    ,Engineered Bike Systems,OXNARD,Oxnard,California,United,"States,uSA,New York",States,New York,United States,uSA,USA
Specialty Bike Shop,  Rural Department Store    ,Rural Department Store,PLEASANTON,Pleasanton,California,United,"States,uSA,New York",States,New York,United States,uSA,USA
Specialty Bike Shop,     Vehicle Shop    ,Vehicle Shop,REDLANDS,Redlands,California,United,"States,uSA,New York",States,New York,United States,uSA,USA
Value Added Reseller,  Quantity Discounts    ,Quantity Discounts,SACRAMENTO,Sacramento,California,United,"States,uSA,New York",States,New York,United States,uSA,USA
Value Added Reseller,        Finish and Sealant Products    ,Finish and Sealant Products,SAN BRUNO,San Bruno,California,United,"States,uSA,New York",States,New York,United States,uSA,USA
Value Added Reseller,          Brown Bicycle Company    ,Brown Bicycle Company,SAN DIEGO,San Diego,California,United,"States,uSA,New York",States,New York,United States,uSA,USA
Specialty Bike Shop,    Mechanical Products Ltd.    ,Mechanical Products Ltd.,SAN DIEGO,San Diego,California,United,"States,uSA,New York",States,New York,United States,uSA,USA
Specialty Bike Shop,   Two Wheels Cycle Store    ,Two Wheels Cycle Store,SAN FRANCISCO,San Francisco,California,United,"States,uSA,New York",States,New York,United States,uSA,USA
Value Added Reseller,    Weekend Bike Tours    ,Weekend Bike Tours,SAN JOSE,San Jose,California,United,"States,uSA,New York",States,New York,United States,uSA,USA
Value Added Reseller, Exercise Center    ,Exercise Center,SAN JOSE,San Jose,California,United,"States,uSA,New York",States,New York,United States,uSA,USA
Warehouse,      Wheel Gallery    ,Wheel Gallery,SAN MATEO,San Mateo,California,United,"States,uSA,New York",States,New York,United States,uSA,USA
Specialty Bike Shop,     Bike World    ,Bike World,SAN RAMON,San Ramon,California,United,"States,uSA,New York",States,New York,United States,uSA,USA
Warehouse,   Sparkling Paint and Finishes    ,Sparkling Paint and Finishes,SAN YSIDRO,San Ysidro,California,United,"States,uSA,New York",States,New York,United States,uSA,USA
Warehouse,  Westside Plaza    ,Westside Plaza,SAND CITY,Sand City,California,United,"States,uSA,New York",States,New York,United States,uSA,USA
Specialty Bike Shop,   Sports Products Store    ,Sports Products Store,SANTA ANA,Santa Ana,California,United,"States,uSA,New York",States,New York,United States,uSA,USA
Warehouse,     More Bikes!    ,More Bikes!,SANTA ANA,Santa Ana,California,United,"States,uSA,New York",States,New York,United States,uSA,USA
Warehouse, Bicycle Merchandise Warehouse    ,Bicycle Merchandise Warehouse,SANTA MONICA,Santa Monica,California,United,"States,uSA,New York",States,New York,United States,uSA,USA
Warehouse,        Extreme Riding Supplies    ,Extreme Riding Supplies,SHERMAN OAKS,Sherman Oaks,California,United,"States,uSA,New York",States,New York,United States,uSA,USA
Specialty Bike Shop,      Highway Bike Shop    ,Highway Bike Shop,SIMI VALLEY,Simi Valley,California,United,"States,uSA,New York",States,New York,United States,uSA,USA
Specialty Bike Shop,  Fleet Bikes    ,Fleet Bikes,STOCKTON,Stockton,California,United,"States,uSA,New York",States,New York,United States,uSA,USA
Specialty Bike Shop,     Traction Tire Company    ,Traction Tire Company,TORRANCE,Torrance,California,United,"States,uSA,New York",States,New York,United States,uSA,USA
Specialty Bike Shop,  World Bike Discount Store    ,World Bike Discount Store,TRABUCO CANYON,Trabuco Canyon,California,United,"States,uSA,New York",States,New York,United States,uSA,USA
Warehouse,        Eastside Department Store    ,Eastside Department Store,UNION CITY,Union City,California,United,"States,uSA,New York",States,New York,United States,uSA,USA
Warehouse,          Principal Bike Company    ,Principal Bike Company,UPLAND,Upland,California,United,"States,uSA,New York",States,New York,United States,uSA,USA
Specialty Bike Shop,    Bike Universe    ,Bike Universe,VACAVILLE,Vacaville,California,United,"States,uSA,New York",States,New York,United States,uSA,USA
Value Added Reseller,   Professional Sales and Service    ,Professional Sales and Service,VAN NUYS,Van Nuys,California,United,"States,uSA,New York",States,New York,United States,uSA,USA
Specialty Bike Shop,    Locks Company    ,Locks Company,VISALIA,Visalia,California,United,"States,uSA,New York",States,New York,United States,uSA,USA
Value Added Reseller, Flawless Bike Shop    ,Flawless Bike Shop,VISTA,Vista,California,United,"States,uSA,New York",States,New York,United States,uSA,USA
Specialty Bike Shop,      Metallic Paint and Overcoat Co    ,Metallic Paint and Overcoat Co,VISTA,Vista,California,United,"States,uSA,New York",States,New York,United States,uSA,USA
Specialty Bike Shop,     Curbside Sporting Goods    ,Curbside Sporting Goods,WALNUT CREEK,Walnut Creek,California,United,"States,uSA,New York",States,New York,United States,uSA,USA
Value Added Reseller,   Fitness Cycling    ,Fitness Cycling,WHITTIER,Whittier,California,United,"States,uSA,New York",States,New York,United States,uSA,USA
Warehouse,  Extreme Toy Store    ,Extreme Toy Store,BIRMINGHAM,Birmingham,Alabama,United,"States,uSA,New York",States,New York,United States,uSA,USA
Warehouse,   Pedal Systems Company    ,Pedal Systems Company,FLORENCE,Florence,Alabama,United,"States,uSA,New York",States,New York,United States,uSA,USA
Specialty Bike Shop,     Games and Sport Supply Company    ,Games and Sport Supply Company,HUNTSVILLE,Huntsville,Alabama,United,"States,uSA,New York",States,New York,United States,uSA,USA
Warehouse, Racing Association    ,Racing Association,HUNTSVILLE,Huntsville,Alabama,United,"States,uSA,New York",States,New York,United States,uSA,USA
Specialty Bike Shop,        Principal Bicycle Supply    ,Principal Bicycle Supply,MOBILE,Mobile,Alabama,United,"States,uSA,New York",States,New York,United States,uSA,USA
Specialty Bike Shop,      Topnotch Bikes    ,Topnotch Bikes,MONTGOMERY,Montgomery,Alabama,United,"States,uSA,New York",States,New York,United States,uSA,USA
Warehouse,  Rally Master Company Inc    ,Rally Master Company Inc,CHANDLER,Chandler,Arizona,United,"States,uSA,New York",States,New York,United States,uSA,USA
Specialty Bike Shop,     Major Sporting Goods    ,Major Sporting Goods,CHANDLER,Chandler,Arizona,United,"States,uSA,New York",States,New York,United States,uSA,USA
Warehouse,  Systematic Sales    ,Systematic Sales,GILBERT,Gilbert,Arizona,United,"States,uSA,New York",States,New York,United States,uSA,USA
Warehouse,        Retail Sporting Equipment    ,Retail Sporting Equipment,MESA,Mesa,Arizona,United,"States,uSA,New York",States,New York,United States,uSA,USA
Value Added Reseller,          Racing Toys    ,Racing Toys,PHOENIX,Phoenix,Arizona,United,"States,uSA,New York",States,New York,United States,uSA,USA
Value Added Reseller,    Professional Cycle Store    ,Professional Cycle Store,PHOENIX,Phoenix,Arizona,United,"States,uSA,New York",States,New York,United States,uSA,USA
Warehouse,   Real Sporting Goods    ,Real Sporting Goods,PHOENIX,Phoenix,Arizona,United,"States,uSA,New York",States,New York,United States,uSA,USA
Value Added Reseller,    First Cycle Store    ,First Cycle Store,SCOTTSDALE,Scottsdale,Arizona,United,"States,uSA,New York",States,New York,United States,uSA,USA
Specialty Bike Shop, Fitness Department Stores    ,Fitness Department Stores,SCOTTSDALE,Scottsdale,Arizona,United,"States,uSA,New York",States,New York,United States,uSA,USA
Specialty Bike Shop,      Professional Containers and Packaging Co.    ,Professional Containers and Packaging Co.,SURPRISE,Surprise,Arizona,United,"States,uSA,New York",States,New York,United States,uSA,USA
Value Added Reseller,     Fun Toys and Bikes    ,Fun Toys and Bikes,TUCSON,Tucson,Arizona,United,"States,uSA,New York",States,New York,United States,uSA,USA
Warehouse,   Regional Manufacturing    ,Regional Manufacturing,TUCSON,Tucson,Arizona,United,"States,uSA,New York",States,New York,United States,uSA,USA
Value Added Reseller,  Sample Bike Store    ,Sample Bike Store,DENVER,Denver,Colorado,United,"States,uSA,New York",States,New York,United States,uSA,USA
Specialty Bike Shop,   Paints and Solvents Company    ,Paints and Solvents Company,ENGLEWOOD,Englewood,Colorado,United,"States,uSA,New York",States,New York,United States,uSA,USA
Value Added Reseller,     Reasonable Bicycle Sales    ,Reasonable Bicycle Sales,GREELEY,Greeley,Colorado,United,"States,uSA,New York",States,New York,United States,uSA,USA
Warehouse, Futuristic Sport Distributors    ,Futuristic Sport Distributors,LONGMONT,Longmont,Colorado,United,"States,uSA,New York",States,New York,United States,uSA,USA
Value Added Reseller,        Field Trip Store    ,Field Trip Store,LOVELAND,Loveland,Colorado,United,"States,uSA,New York",States,New York,United States,uSA,USA
Warehouse,      Bold Bike Accessories    ,Bold Bike Accessories,LOVELAND,Loveland,Colorado,United,"States,uSA,New York",States,New York,United States,uSA,USA
Value Added Reseller,  Fun Times Club    ,Fun Times Club,PARKER,Parker,Colorado,United,"States,uSA,New York",States,New York,United States,uSA,USA
Specialty Bike Shop,     Another Sporting Goods Company    ,Another Sporting Goods Company,WESTMINSTER,Westminster,Colorado,United,"States,uSA,New York",States,New York,United States,uSA,USA
Value Added Reseller,  Initial Bike Company    ,Initial Bike Company,WESTMINSTER,Westminster,Colorado,United,"States,uSA,New York",States,New York,United States,uSA,USA
Value Added Reseller,        Modern Bike Store    ,Modern Bike Store,EAST HAVEN,East Haven,Connecticut,United,"States,uSA,New York",States,New York,United States,uSA,USA
Specialty Bike Shop,          Outdoor Distributors    ,Outdoor Distributors,FARMINGTON,Farmington,Connecticut,United,"States,uSA,New York",States,New York,United States,uSA,USA
Warehouse,    Endurance Bikes    ,Endurance Bikes,HAMDEN,Hamden,Connecticut,United,"States,uSA,New York",States,New York,United States,uSA,USA
Value Added Reseller,   Classic Cycle Store    ,Classic Cycle Store,MILFORD,Milford,Connecticut,United,"States,uSA,New York",States,New York,United States,uSA,USA
Warehouse,    Lease-a-Bike Shop    ,Lease-a-Bike Shop,MILFORD,Milford,Connecticut,United,"States,uSA,New York",States,New York,United States,uSA,USA
Value Added Reseller, Mountain Bike Store    ,Mountain Bike Store,NEW HAVEN,New Haven,Connecticut,United,"States,uSA,New York",States,New York,United States,uSA,USA
Value Added Reseller,      Immediate Repair Shop    ,Immediate Repair Shop,STAMFORD,Stamford,Connecticut,United,"States,uSA,New York",States,New York,United States,uSA,USA
Specialty Bike Shop,     Painters Bicycle Specialists    ,Painters Bicycle Specialists,WATERBURY,Waterbury,Connecticut,United,"States,uSA,New York",States,New York,United States,uSA,USA
Value Added Reseller,   Eleventh Bike Store    ,Eleventh Bike Store,WESTPORT,Westport,Connecticut,United,"States,uSA,New York",States,New York,United States,uSA,USA
Value Added Reseller,  Functional Store North    ,Functional Store North,ALTAMONTE SPRINGS,Altamonte Springs,Florida,United,"States,uSA,New York",States,New York,United States,uSA,USA
Warehouse,   Front Runner Bikes    ,Front Runner Bikes,BRADENTON,Bradenton,Florida,United,"States,uSA,New York",States,New York,United States,uSA,USA
Specialty Bike Shop,     Widget Bicycle Specialists    ,Widget Bicycle Specialists,CLEARWATER,Clearwater,Florida,United,"States,uSA,New York",States,New York,United States,uSA,USA
Value Added Reseller, Daring Rides    ,Daring Rides,CLEARWATER,Clearwater,Florida,United,"States,uSA,New York",States,New York,United States,uSA,USA
Value Added Reseller,        Simple Bike Parts    ,Simple Bike Parts,DESTIN,Destin,Florida,United,"States,uSA,New York",States,New York,United States,uSA,USA
Value Added Reseller,      General Associates    ,General Associates,HOLLYWOOD,Hollywood,Florida,United,"States,uSA,New York",States,New York,United States,uSA,USA
Value Added Reseller,  Recreation Supplies    ,Recreation Supplies,KENDALL,Kendall,Florida,United,"States,uSA,New York",States,New York,United States,uSA,USA
Specialty Bike Shop,     Tough and Reliable Parts    ,Tough and Reliable Parts,LAKELAND,Lakeland,Florida,United,"States,uSA,New York",States,New York,United States,uSA,USA
Value Added Reseller,  Juvenile Sports Equipment    ,Juvenile Sports Equipment,MERRITT ISLAND,Merritt Island,Florida,United,"States,uSA,New York",States,New York,United States,uSA,USA
Value Added Reseller,        Worthwhile Activity Store    ,Worthwhile Activity Store,MIAMI,Miami,Florida,United,"States,uSA,New York",States,New York,United States,uSA,USA
Warehouse,          Spoke Manufacturers    ,Spoke Manufacturers,MIAMI,Miami,Florida,United,"States,uSA,New York",States,New York,United States,uSA,USA
Warehouse,    Industrial Supplies    ,Industrial Supplies,MIAMI,Miami,Florida,United,"States,uSA,New York",States,New York,United States,uSA,USA
Value Added Reseller,   Variety Bike Outlet    ,Variety Bike Outlet,MIAMI,Miami,Florida,United,"States,uSA,New York",States,New York,United States,uSA,USA
Warehouse,    Rally Day Mall    ,Rally Day Mall,MIAMI,Miami,Florida,United,"States,uSA,New York",States,New York,United States,uSA,USA
Specialty Bike Shop, Superlative Bikes    ,Superlative Bikes,MIAMI,Miami,Florida,United,"States,uSA,New York",States,New York,United States,uSA,USA
Specialty Bike Shop,      Stylish Department Stores    ,Stylish Department Stores,MIAMI,Miami,Florida,United,"States,uSA,New York",States,New York,United States,uSA,USA
Specialty Bike Shop,     Exemplary Cycles    ,Exemplary Cycles,MIAMI,Miami,Florida,United,"States,uSA,New York",States,New York,United States,uSA,USA
Value Added Reseller,   Retail Toy Store    ,Retail Toy Store,MIAMI,Miami,Florida,United,"States,uSA,New York",States,New York,United States,uSA,USA
Specialty Bike Shop,  Executive Discount Store    ,Executive Discount Store,MIAMI,Miami,Florida,United,"States,uSA,New York",States,New York,United States,uSA,USA
Warehouse,   Bike Goods    ,Bike Goods,NORTH MIAMI BEACH,North Miami Beach,Florida,United,"States,uSA,New York",States,New York,United States,uSA,USA
Warehouse,     Tread Industries    ,Tread Industries,ORLANDO,Orlando,Florida,United,"States,uSA,New York",States,New York,United States,uSA,USA
Value Added Reseller, Hobby Store    ,Hobby Store,ORLANDO,Orlando,Florida,United,"States,uSA,New York",States,New York,United States,uSA,USA
Value Added Reseller,        Valuable Bike Parts Company    ,Valuable Bike Parts Company,ORLANDO,Orlando,Florida,United,"States,uSA,New York",States,New York,United States,uSA,USA
Warehouse,      Unified Sports Company    ,Unified Sports Company,SARASOTA,Sarasota,Florida,United,"States,uSA,New York",States,New York,United States,uSA,USA
Specialty Bike Shop,  Racks and Security Systems    ,Racks and Security Systems,SUNRISE,Sunrise,Florida,United,"States,uSA,New York",States,New York,United States,uSA,USA
Specialty Bike Shop,     Quitting Business Distributors    ,Quitting Business Distributors,TAMPA,Tampa,Florida,United,"States,uSA,New York",States,New York,United States,uSA,USA
Specialty Bike Shop,  Sunny Place Bikes    ,Sunny Place Bikes,VERO BEACH,Vero Beach,Florida,United,"States,uSA,New York",States,New York,United States,uSA,USA
Value Added Reseller,        Retirement Activities Association    ,Retirement Activities Association,ATLANTA,Atlanta,Georgia,United,"States,uSA,New York",States,New York,United States,uSA,USA
Value Added Reseller,          Retread Tire Company    ,Retread Tire Company,AUGUSTA,Augusta,Georgia,United,"States,uSA,New York",States,New York,United States,uSA,USA
Value Added Reseller,    Better Bike Shop    ,Better Bike Shop,AUSTELL,Austell,Georgia,United,"States,uSA,New York",States,New York,United States,uSA,USA
Specialty Bike Shop,   Cycles and Scooters    ,Cycles and Scooters,BYRON,Byron,Georgia,United,"States,uSA,New York",States,New York,United States,uSA,USA
Value Added Reseller,    Distance Bikes    ,Distance Bikes,CLARKSTON,Clarkston,Georgia,United,"States,uSA,New York",States,New York,United States,uSA,USA
Value Added Reseller, Noiseless Gear Company    ,Noiseless Gear Company,COLUMBUS,Columbus,Georgia,United,"States,uSA,New York",States,New York,United States,uSA,USA
Specialty Bike Shop,      Elemental Sporting Goods    ,Elemental Sporting Goods,DECATUR,Decatur,Georgia,United,"States,uSA,New York",States,New York,United States,uSA,USA
Specialty Bike Shop,     Parts Shop    ,Parts Shop,LA GRANGE,La Grange,Georgia,United,"States,uSA,New York",States,New York,United States,uSA,USA
Specialty Bike Shop,   Selected Distributors    ,Selected Distributors,MARIETTA,Marietta,Georgia,United,"States,uSA,New York",States,New York,United States,uSA,USA
Warehouse,  Acclaimed Bicycle Company    ,Acclaimed Bicycle Company,MCDONOUGH,Mcdonough,Georgia,United,"States,uSA,New York",States,New York,United States,uSA,USA
Specialty Bike Shop,   Eighty Toy Stores    ,Eighty Toy Stores,MCDONOUGH,Mcdonough,Georgia,United,"States,uSA,New York",States,New York,United States,uSA,USA
Warehouse,     Qualified Sales and Repair Services    ,Qualified Sales and Repair Services,SAVANNAH,Savannah,Georgia,United,"States,uSA,New York",States,New York,United States,uSA,USA
Specialty Bike Shop, Pedals Warehouse    ,Pedals Warehouse,SUWANEE,Suwanee,Georgia,United,"States,uSA,New York",States,New York,United States,uSA,USA
Value Added Reseller,        Vintage Sport Boutique    ,Vintage Sport Boutique,IDAHO FALLS,Idaho Falls,Idaho,United,"States,uSA,New York",States,New York,United States,uSA,USA
Value Added Reseller,      Bicycle Accessories and Kits    ,Bicycle Accessories and Kits,LEWISTON,Lewiston,Idaho,United,"States,uSA,New York",States,New York,United States,uSA,USA
Specialty Bike Shop,  Commendable Bikes    ,Commendable Bikes,SANDPOINT,Sandpoint,Idaho,United,"States,uSA,New York",States,New York,United States,uSA,USA
Warehouse,     Lots of Bikes Storehouse    ,Lots of Bikes Storehouse,CAROL STREAM,Carol Stream,Illinois,United,"States,uSA,New York",States,New York,United States,uSA,USA
Specialty Bike Shop,  Local Hardware Factory    ,Local Hardware Factory,CHICAGO,Chicago,Illinois,United,"States,uSA,New York",States,New York,United States,uSA,USA
Specialty Bike Shop,        This Area Sporting Goods    ,This Area Sporting Goods,CHICAGO,Chicago,Illinois,United,"States,uSA,New York",States,New York,United States,uSA,USA
Value Added Reseller,          Client Discount Store    ,Client Discount Store,CHICAGO,Chicago,Illinois,United,"States,uSA,New York",States,New York,United States,uSA,USA
Value Added Reseller,    Extras Sporting Goods    ,Extras Sporting Goods,CHICAGO,Chicago,Illinois,United,"States,uSA,New York",States,New York,United States,uSA,USA
Value Added Reseller,   Largest Bike Store    ,Largest Bike Store,CHICAGO,Chicago,Illinois,United,"States,uSA,New York",States,New York,United States,uSA,USA
Specialty Bike Shop,    Westside Cycle Store    ,Westside Cycle Store,ELGIN,Elgin,Illinois,United,"States,uSA,New York",States,New York,United States,uSA,USA
Value Added Reseller, Local Sales and Rental    ,Local Sales and Rental,JOLIET,Joliet,Illinois,United,"States,uSA,New York",States,New York,United States,uSA,USA
Value Added Reseller,      Great Bicycle Supply    ,Great Bicycle Supply,MOLINE,Moline,Illinois,United,"States,uSA,New York",States,New York,United States,uSA,USA
Warehouse,     Summer Sports Place    ,Summer Sports Place,NORRIDGE,Norridge,Illinois,United,"States,uSA,New York",States,New York,United States,uSA,USA
Specialty Bike Shop,   Orange Bicycle Company    ,Orange Bicycle Company,PEORIA,Peoria,Illinois,United,"States,uSA,New York",States,New York,United States,uSA,USA
Specialty Bike Shop,  Gift and Toy Store    ,Gift and Toy Store,TUSCOLA,Tuscola,Illinois,United,"States,uSA,New York",States,New York,United States,uSA,USA
Warehouse,   Leading Sales & Repair    ,Leading Sales & Repair,WEST CHICAGO,West Chicago,Illinois,United,"States,uSA,New York",States,New York,United States,uSA,USA
Specialty Bike Shop,     Discount Bicycle Specialists    ,Discount Bicycle Specialists,WOOD DALE,Wood Dale,Illinois,United,"States,uSA,New York",States,New York,United States,uSA,USA
Value Added Reseller, Out-of-the-Way Hotels    ,Out-of-the-Way Hotels,WOOD DALE,Wood Dale,Illinois,United,"States,uSA,New York",States,New York,United States,uSA,USA
Warehouse,        Grand Discount Store    ,Grand Discount Store,DALEVILLE,Daleville,Indiana,United,"States,uSA,New York",States,New York,United States,uSA,USA
Value Added Reseller,      Weekend Tours    ,Weekend Tours,FORT WAYNE,Fort Wayne,Indiana,United,"States,uSA,New York",States,New York,United States,uSA,USA
Value Added Reseller,  Eastside Sporting Goods    ,Eastside Sporting Goods,INDIANAPOLIS,Indianapolis,Indiana,United,"States,uSA,New York",States,New York,United States,uSA,USA
Warehouse,     Super Sports Store    ,Super Sports Store,INDIANAPOLIS,Indianapolis,Indiana,United,"States,uSA,New York",States,New York,United States,uSA,USA
Warehouse,  Leather and Vinyl Manufacturing    ,Leather and Vinyl Manufacturing,INDIANAPOLIS,Indianapolis,Indiana,United,"States,uSA,New York",States,New York,United States,uSA,USA
Value Added Reseller,        Recreation Systems    ,Recreation Systems,LOGANSPORT,Logansport,Indiana,United,"States,uSA,New York",States,New York,United States,uSA,USA
Warehouse,          Professional Sporting Goods    ,Professional Sporting Goods,MICHIGAN CITY,Michigan City,Indiana,United,"States,uSA,New York",States,New York,United States,uSA,USA
Warehouse,    Executive Gift Store    ,Executive Gift Store,NEW CASTLE,New Castle,Indiana,United,"States,uSA,New York",States,New York,United States,uSA,USA
Warehouse,   Exotic Bikes    ,Exotic Bikes,SOUTH BEND,South Bend,Indiana,United,"States,uSA,New York",States,New York,United States,uSA,USA
Value Added Reseller,    Optimal Bikes    ,Optimal Bikes,CAMPBELLSVILLE,Campbellsville,Kentucky,United,"States,uSA,New York",States,New York,United States,uSA,USA
Warehouse, Distinctive Cycles Sales & Service    ,Distinctive Cycles Sales & Service,FLORENCE,Florence,Kentucky,United,"States,uSA,New York",States,New York,United States,uSA,USA
Specialty Bike Shop,      Village Tours    ,Village Tours,NEWPORT,Newport,Kentucky,United,"States,uSA,New York",States,New York,United States,uSA,USA
Value Added Reseller,     Blue-Ribbon Bike Company    ,Blue-Ribbon Bike Company,SAINT MATTHEWS,Saint Matthews,Kentucky,United,"States,uSA,New York",States,New York,United States,uSA,USA
Specialty Bike Shop,   Leading Bike Distributors    ,Leading Bike Distributors,SOMERSET,Somerset,Kentucky,United,"States,uSA,New York",States,New York,United States,uSA,USA
Specialty Bike Shop,  Convenient Bike Shop    ,Convenient Bike Shop,BRAINTREE,Braintree,Massachusetts,United,"States,uSA,New York",States,New York,United States,uSA,USA
Specialty Bike Shop,   Incomparable Bicycle Store    ,Incomparable Bicycle Store,NORWOOD,Norwood,Massachusetts,United,"States,uSA,New York",States,New York,United States,uSA,USA
Specialty Bike Shop,     Wholesale Bikes    ,Wholesale Bikes,RANDOLPH,Randolph,Massachusetts,United,"States,uSA,New York",States,New York,United States,uSA,USA
Specialty Bike Shop, Bikes Anyone?    ,Bikes Anyone?,SAUGUS,Saugus,Massachusetts,United,"States,uSA,New York",States,New York,United States,uSA,USA
Warehouse,        Purchase Mart    ,Purchase Mart,WRENTHAM,Wrentham,Massachusetts,United,"States,uSA,New York",States,New York,United States,uSA,USA
Warehouse,      Wheelsets Storehouse    ,Wheelsets Storehouse,KITTERY,Kittery,Maine,United,"States,uSA,New York",States,New York,United States,uSA,USA
Value Added Reseller,  Fitness Sport Boutique    ,Fitness Sport Boutique,KITTERY,Kittery,Maine,United,"States,uSA,New York",States,New York,United States,uSA,USA
Warehouse,     Metro Bike Works    ,Metro Bike Works,DETROIT,Detroit,Michigan,United,"States,uSA,New York",States,New York,United States,uSA,USA
Specialty Bike Shop,  Small Cycle Store    ,Small Cycle Store,HOLLAND,Holland,Michigan,United,"States,uSA,New York",States,New York,United States,uSA,USA
Warehouse,        Exhilarating Cycles    ,Exhilarating Cycles,HOWELL,Howell,Michigan,United,"States,uSA,New York",States,New York,United States,uSA,USA
Warehouse,          Handy Bike Services    ,Handy Bike Services,MADISON HEIGHTS,Madison Heights,Michigan,United,"States,uSA,New York",States,New York,United States,uSA,USA
Specialty Bike Shop,    Online Bike Sellers    ,Online Bike Sellers,MIDLAND,Midland,Michigan,United,"States,uSA,New York",States,New York,United States,uSA,USA
Specialty Bike Shop,   Blue Bicycle Company    ,Blue Bicycle Company,MONROE,Monroe,Michigan,United,"States,uSA,New York",States,New York,United States,uSA,USA
Value Added Reseller,"    Fabrikam Inc., West    ","Fabrikam Inc., West",NOVI,Novi,Michigan,United,"States,uSA,New York",States,New York,United States,uSA,USA
Specialty Bike Shop, Full-Service Bike Store    ,Full-Service Bike Store,PONTIAC,Pontiac,Michigan,United,"States,uSA,New York",States,New York,United States,uSA,USA
Specialty Bike Shop,      Friendly Bike Shop    ,Friendly Bike Shop,PORT HURON,Port Huron,Michigan,United,"States,uSA,New York",States,New York,United States,uSA,USA
Specialty Bike Shop,     Historic Bicycle Sales    ,Historic Bicycle Sales,REDFORD,Redford,Michigan,United,"States,uSA,New York",States,New York,United States,uSA,USA
Specialty Bike Shop,   Grand Sport Boutique    ,Grand Sport Boutique,SAGINAW,Saginaw,Michigan,United,"States,uSA,New York",States,New York,United States,uSA,USA
Warehouse,  Novelty Bikes    ,Novelty Bikes,SAGINAW,Saginaw,Michigan,United,"States,uSA,New York",States,New York,United States,uSA,USA
Specialty Bike Shop,   Field Trip Inc    ,Field Trip Inc,SOUTHFIELD,Southfield,Michigan,United,"States,uSA,New York",States,New York,United States,uSA,USA
Value Added Reseller,     Work and Play Association    ,Work and Play Association,SOUTHGATE,Southgate,Michigan,United,"States,uSA,New York",States,New York,United States,uSA,USA
Value Added Reseller, Kickstand Sellers    ,Kickstand Sellers,WESTLAND,Westland,Michigan,United,"States,uSA,New York",States,New York,United States,uSA,USA
Warehouse,        Catalog Store    ,Catalog Store,ZEELAND,Zeeland,Michigan,United,"States,uSA,New York",States,New York,United States,uSA,USA
Value Added Reseller,      Riders Company    ,Riders Company,BRANCH,Branch,Minnesota,United,"States,uSA,New York",States,New York,United States,uSA,USA
Specialty Bike Shop,  Active Systems    ,Active Systems,DULUTH,Duluth,Minnesota,United,"States,uSA,New York",States,New York,United States,uSA,USA
Warehouse,     Fitness Hotel    ,Fitness Hotel,EDINA,Edina,Minnesota,United,"States,uSA,New York",States,New York,United States,uSA,USA
Value Added Reseller,  The Accessories Store    ,The Accessories Store,MEDFORD,Medford,Minnesota,United,"States,uSA,New York",States,New York,United States,uSA,USA
Warehouse,        Hardware Components    ,Hardware Components,MINNEAPOLIS,Minneapolis,Minnesota,United,"States,uSA,New York",States,New York,United States,uSA,USA
Specialty Bike Shop,          Practical Bike Supply Company    ,Practical Bike Supply Company,WOODBURY,Woodbury,Minnesota,United,"States,uSA,New York",States,New York,United States,uSA,USA
Specialty Bike Shop,    Black Bicycle Company    ,Black Bicycle Company,BRANSON,Branson,Missouri,United,"States,uSA,New York",States,New York,United States,uSA,USA
Value Added Reseller,   District Mall    ,District Mall,FERGUSON,Ferguson,Missouri,United,"States,uSA,New York",States,New York,United States,uSA,USA
Specialty Bike Shop,    A Great Bicycle Company    ,A Great Bicycle Company,JEFFERSON CITY,Jefferson City,Missouri,United,"States,uSA,New York",States,New York,United States,uSA,USA
Warehouse, Valley Bicycle Specialists    ,Valley Bicycle Specialists,KANSAS CITY,Kansas City,Missouri,United,"States,uSA,New York",States,New York,United States,uSA,USA
Specialty Bike Shop,      Responsible Bike Dealers    ,Responsible Bike Dealers,KANSAS CITY,Kansas City,Missouri,United,"States,uSA,New York",States,New York,United States,uSA,USA
Value Added Reseller,     First Bike Store    ,First Bike Store,ODESSA,Odessa,Missouri,United,"States,uSA,New York",States,New York,United States,uSA,USA
Warehouse,   Immense Manufacturing Company    ,Immense Manufacturing Company,SAINT ANN,Saint Ann,Missouri,United,"States,uSA,New York",States,New York,United States,uSA,USA
Value Added Reseller,  World of Bikes    ,World of Bikes,SAINT LOUIS,Saint Louis,Missouri,United,"States,uSA,New York",States,New York,United States,uSA,USA
Warehouse,   Bicycle Lines Distributors    ,Bicycle Lines Distributors,SAINT LOUIS,Saint Louis,Missouri,United,"States,uSA,New York",States,New York,United States,uSA,USA
Specialty Bike Shop,     Best o' Bikes    ,Best o' Bikes,SAINT LOUIS,Saint Louis,Missouri,United,"States,uSA,New York",States,New York,United States,uSA,USA
Specialty Bike Shop, Yellow Bicycle Company    ,Yellow Bicycle Company,SAINT LOUIS,Saint Louis,Missouri,United,"States,uSA,New York",States,New York,United States,uSA,USA
Warehouse,        Bike Rims Company    ,Bike Rims Company,BILOXI,Biloxi,Mississippi,United,"States,uSA,New York",States,New York,United States,uSA,USA
Warehouse,      eCommerce Bikes    ,eCommerce Bikes,GULFPORT,Gulfport,Mississippi,United,"States,uSA,New York",States,New York,United States,uSA,USA
Warehouse,  One-Piece Handle Bars    ,One-Piece Handle Bars,TUPELO,Tupelo,Mississippi,United,"States,uSA,New York",States,New York,United States,uSA,USA
Specialty Bike Shop,     Finer Mart    ,Finer Mart,BILLINGS,Billings,Montana,United,"States,uSA,New York",States,New York,United States,uSA,USA
Warehouse,  Nonskid Tire Company    ,Nonskid Tire Company,GREAT FALLS,Great Falls,Montana,United,"States,uSA,New York",States,New York,United States,uSA,USA
Specialty Bike Shop,        Road-Way Mart    ,Road-Way Mart,MISSOULA,Missoula,Montana,United,"States,uSA,New York",States,New York,United States,uSA,USA
Value Added Reseller,          Underglaze and Finish Company    ,Underglaze and Finish Company,CHARLOTTE,Charlotte,North Carolina,United,"States,uSA,New York",States,New York,United States,uSA,USA
Warehouse,    Metro Bike Mart    ,Metro Bike Mart,GREENSBORO,Greensboro,North Carolina,United,"States,uSA,New York",States,New York,United States,uSA,USA
Warehouse,   Sensational Discount Store    ,Sensational Discount Store,KANNAPOLIS,Kannapolis,North Carolina,United,"States,uSA,New York",States,New York,United States,uSA,USA
Value Added Reseller,    Exchange Parts Inc.    ,Exchange Parts Inc.,RALEIGH,Raleigh,North Carolina,United,"States,uSA,New York",States,New York,United States,uSA,USA
Specialty Bike Shop, Lubricant and Grease Suppliers    ,Lubricant and Grease Suppliers,ROCKY MOUNT,Rocky Mount,North Carolina,United,"States,uSA,New York",States,New York,United States,uSA,USA
Value Added Reseller,      Chain and Chain Tool Distributions    ,Chain and Chain Tool Distributions,SMITHFIELD,Smithfield,North Carolina,United,"States,uSA,New York",States,New York,United States,uSA,USA
Value Added Reseller,     New and Used Bicycles    ,New and Used Bicycles,WINSTON-SALEM,Winston-Salem,North Carolina,United,"States,uSA,New York",States,New York,United States,uSA,USA
Value Added Reseller,   Metropolitan Sales and Rental    ,Metropolitan Sales and Rental,HOOKSETT,Hooksett,New Hampshire,United,"States,uSA,New York",States,New York,United States,uSA,USA
Warehouse,  Outdoor Equipment Store    ,Outdoor Equipment Store,NASHUA,Nashua,New Hampshire,United,"States,uSA,New York",States,New York,United States,uSA,USA
Value Added Reseller,   Casual Bicycle Store    ,Casual Bicycle Store,NASHUA,Nashua,New Hampshire,United,"States,uSA,New York",States,New York,United States,uSA,USA
Value Added Reseller,     Seventh Bike Store    ,Seventh Bike Store,PLAISTOW,Plaistow,New Hampshire,United,"States,uSA,New York",States,New York,United States,uSA,USA
Value Added Reseller, Retail Sales and Service    ,Retail Sales and Service,TILTON,Tilton,New Hampshire,United,"States,uSA,New York",States,New York,United States,uSA,USA
Warehouse,        Bike Dealers Association    ,Bike Dealers Association,LAS CRUCES,Las Cruces,New Mexico,United,"States,uSA,New York",States,New York,United States,uSA,USA
Warehouse,      Safe Toys    ,Safe Toys,RIO RANCHO,Rio Rancho,New Mexico,United,"States,uSA,New York",States,New York,United States,uSA,USA
Specialty Bike Shop,  Thrilling Bike Tours    ,Thrilling Bike Tours,SANTA FE,Santa Fe,New Mexico,United,"States,uSA,New York",States,New York,United States,uSA,USA
Warehouse,     Downtown Hotel    ,Downtown Hotel,FERNLEY,Fernley,Nevada,United,"States,uSA,New York",States,New York,United States,uSA,USA
Specialty Bike Shop,  Remarkable Bike Store    ,Remarkable Bike Store,LAS VEGAS,Las Vegas,Nevada,United,"States,uSA,New York",States,New York,United States,uSA,USA
Specialty Bike Shop,        Brightwork Company    ,Brightwork Company,LAS VEGAS,Las Vegas,Nevada,United,"States,uSA,New York",States,New York,United States,uSA,USA
Warehouse,          Retail Sporting Goods    ,Retail Sporting Goods,LAS VEGAS,Las Vegas,Nevada,United,"States,uSA,New York",States,New York,United States,uSA,USA
Value Added Reseller,    Imported and Domestic Cycles    ,Imported and Domestic Cycles,NORTH LAS VEGAS,North Las Vegas,Nevada,United,"States,uSA,New York",States,New York,United States,uSA,USA
Warehouse,   Permanent Finish Products    ,Permanent Finish Products,RENO,Reno,Nevada,United,"States,uSA,New York",States,New York,United States,uSA,USA
Warehouse,    Security Racks and Locks Wholesalers    ,Security Racks and Locks Wholesalers,SPARKS,Sparks,Nevada,United,"States,uSA,New York",States,New York,United States,uSA,USA
Specialty Bike Shop, Margie's Travel    ,Margie's Travel,CENTRAL VALLEY,Central Valley,New York,United,"States,uSA,New York",States,New York,United States,uSA,USA
Specialty Bike Shop,      Small Bike Accessories Shop    ,Small Bike Accessories Shop,CHEEKTOWAGA,Cheektowaga,New York,United,"States,uSA,New York",States,New York,United States,uSA,USA
Specialty Bike Shop,     Independent Outlet    ,Independent Outlet,CLAY,Clay,New York,United,"States,uSA,New York",States,New York,United States,uSA,USA
Value Added Reseller,   A Bicycle Association    ,A Bicycle Association,DE WITT,De Witt,New York,United,"States,uSA,New York",States,New York,United States,uSA,USA
Specialty Bike Shop,  Famous Bike Sales and Service    ,Famous Bike Sales and Service,ENDICOTT,Endicott,New York,United,"States,uSA,New York",States,New York,United States,uSA,USA
Specialty Bike Shop,   Strong Metal Manufacturing    ,Strong Metal Manufacturing,ITHACA,Ithaca,New York,United,"States,uSA,New York",States,New York,United States,uSA,USA
Value Added Reseller,     Glossy Bikes    ,Glossy Bikes,LAKE GEORGE,Lake George,New York,United,"States,uSA,New York",States,New York,United States,uSA,USA
Warehouse, Larger Cycle Shop    ,Larger Cycle Shop,MELVILLE,Melville,New York,United,"States,uSA,New York",States,New York,United States,uSA,USA
Warehouse,        Fashionable Department Stores    ,Fashionable Department Stores,NEW HARTFORD,New Hartford,New York,United,"States,uSA,New York",States,New York,United States,uSA,USA
Specialty Bike Shop,      Only Bikes and Accessories    ,Only Bikes and Accessories,NEW YORK,New York,New York,United,"States,uSA,New York",States,New York,United States,uSA,USA
Value Added Reseller,  Traditional Department Stores    ,Traditional Department Stores,VALLEY STREAM,Valley Stream,New York,United,"States,uSA,New York",States,New York,United States,uSA,USA
Specialty Bike Shop,     Guaranteed Sales and Service    ,Guaranteed Sales and Service,BURBANK,Burbank,Ohio,United,"States,uSA,New York",States,New York,United States,uSA,USA
Warehouse,  Bicycle Outfitters    ,Bicycle Outfitters,CINCINNATI,Cincinnati,Ohio,United,"States,uSA,New York",States,New York,United States,uSA,USA
Specialty Bike Shop,        Mechanical Sports Center    ,Mechanical Sports Center,CINCINNATI,Cincinnati,Ohio,United,"States,uSA,New York",States,New York,United States,uSA,USA
Warehouse,          Bike Boutique    ,Bike Boutique,COLUMBUS,Columbus,Ohio,United,"States,uSA,New York",States,New York,United States,uSA,USA
Warehouse,    Curbside Universe    ,Curbside Universe,EUCLID,Euclid,Ohio,United,"States,uSA,New York",States,New York,United States,uSA,USA
Warehouse,   Active Cycling    ,Active Cycling,HEATH,Heath,Ohio,United,"States,uSA,New York",States,New York,United States,uSA,USA
Warehouse,    Expert Sports Store    ,Expert Sports Store,HOLLAND,Holland,Ohio,United,"States,uSA,New York",States,New York,United States,uSA,USA
Value Added Reseller, The Bike Mechanics    ,The Bike Mechanics,MANSFIELD,Mansfield,Ohio,United,"States,uSA,New York",States,New York,United States,uSA,USA
Value Added Reseller,      Fourth Bike Store    ,Fourth Bike Store,MENTOR,Mentor,Ohio,United,"States,uSA,New York",States,New York,United States,uSA,USA
Value Added Reseller,     Active Transport Inc.    ,Active Transport Inc.,NORTH RANDALL,North Randall,Ohio,United,"States,uSA,New York",States,New York,United States,uSA,USA
Specialty Bike Shop,   Riverside Company    ,Riverside Company,OBERLIN,Oberlin,Ohio,United,"States,uSA,New York",States,New York,United States,uSA,USA
Warehouse,  Grown-up Bike Store    ,Grown-up Bike Store,SPRINGDALE,Springdale,Ohio,United,"States,uSA,New York",States,New York,United States,uSA,USA
Value Added Reseller,   A Cycle Shop    ,A Cycle Shop,ALBANY,Albany,Oregon,United,"States,uSA,New York",States,New York,United States,uSA,USA
Specialty Bike Shop,     Cycle Clearance    ,Cycle Clearance,ALBANY,Albany,Oregon,United,"States,uSA,New York",States,New York,United States,uSA,USA
Value Added Reseller, Superior Hardware Distributors    ,Superior Hardware Distributors,BEAVERTON,Beaverton,Oregon,United,"States,uSA,New York",States,New York,United States,uSA,USA
Value Added Reseller,        Scooters and Bikes Store    ,Scooters and Bikes Store,BEAVERTON,Beaverton,Oregon,United,"States,uSA,New York",States,New York,United States,uSA,USA
Specialty Bike Shop,      Sellers of Cycles    ,Sellers of Cycles,CLACKAMAS,Clackamas,Oregon,United,"States,uSA,New York",States,New York,United States,uSA,USA
Warehouse,  Family Entertainment Center    ,Family Entertainment Center,CLACKAMAS,Clackamas,Oregon,United,"States,uSA,New York",States,New York,United States,uSA,USA
Warehouse,     Stock Parts and Supplies    ,Stock Parts and Supplies,HILLSBORO,Hillsboro,Oregon,United,"States,uSA,New York",States,New York,United States,uSA,USA
Warehouse,  Sports Merchandise    ,Sports Merchandise,KLAMATH FALLS,Klamath Falls,Oregon,United,"States,uSA,New York",States,New York,United States,uSA,USA
Value Added Reseller,        Kickstands and Accessories Company    ,Kickstands and Accessories Company,MEDFORD,Medford,Oregon,United,"States,uSA,New York",States,New York,United States,uSA,USA
Warehouse,          Roadway Bike Emporium    ,Roadway Bike Emporium,MEDFORD,Medford,Oregon,United,"States,uSA,New York",States,New York,United States,uSA,USA
Value Added Reseller,    Another Bicycle Company    ,Another Bicycle Company,MILWAUKIE,Milwaukie,Oregon,United,"States,uSA,New York",States,New York,United States,uSA,USA
Specialty Bike Shop,   Latest Accessories Sales    ,Latest Accessories Sales,PORTLAND,Portland,Oregon,United,"States,uSA,New York",States,New York,United States,uSA,USA
Specialty Bike Shop,    Parcel Express Delivery Service    ,Parcel Express Delivery Service,PORTLAND,Portland,Oregon,United,"States,uSA,New York",States,New York,United States,uSA,USA
Value Added Reseller, Fad Outlet    ,Fad Outlet,PORTLAND,Portland,Oregon,United,"States,uSA,New York",States,New York,United States,uSA,USA
Warehouse,      Bike Experts    ,Bike Experts,SALEM,Salem,Oregon,United,"States,uSA,New York",States,New York,United States,uSA,USA
Warehouse,     Convenient Sales and Service    ,Convenient Sales and Service,SPRINGFIELD,Springfield,Oregon,United,"States,uSA,New York",States,New York,United States,uSA,USA
Specialty Bike Shop,   Successful Sales Company    ,Successful Sales Company,TIGARD,Tigard,Oregon,United,"States,uSA,New York",States,New York,United States,uSA,USA
Value Added Reseller,  Suburban Cycle Shop    ,Suburban Cycle Shop,TROUTDALE,Troutdale,Oregon,United,"States,uSA,New York",States,New York,United States,uSA,USA
Specialty Bike Shop,   Tire Company    ,Tire Company,WARWICK,Warwick,Rhode Island,United,"States,uSA,New York",States,New York,United States,uSA,USA
Specialty Bike Shop,     Economic Parts Supply    ,Economic Parts Supply,WEST KINGSTON,West Kingston,Rhode Island,United,"States,uSA,New York",States,New York,United States,uSA,USA
Value Added Reseller, Mobile Outlet    ,Mobile Outlet,WOONSOCKET,Woonsocket,Rhode Island,United,"States,uSA,New York",States,New York,United States,uSA,USA
Warehouse,        New Bikes Company    ,New Bikes Company,BLUFFTON,Bluffton,South Carolina,United,"States,uSA,New York",States,New York,United States,uSA,USA
Specialty Bike Shop,      Consolidated Sales    ,Consolidated Sales,GAFFNEY,Gaffney,South Carolina,United,"States,uSA,New York",States,New York,United States,uSA,USA
Specialty Bike Shop,  Touring Services    ,Touring Services,MYRTLE BEACH,Myrtle Beach,South Carolina,United,"States,uSA,New York",States,New York,United States,uSA,USA
Warehouse,     Sleek Bikes    ,Sleek Bikes,DENBY,Denby,South Dakota,United,"States,uSA,New York",States,New York,United States,uSA,USA
Value Added Reseller,  Travel Systems    ,Travel Systems,NORTH SIOUX CITY,North Sioux City,South Dakota,United,"States,uSA,New York",States,New York,United States,uSA,USA
Specialty Bike Shop,        Activity Center    ,Activity Center,CROSSVILLE,Crossville,Tennessee,United,"States,uSA,New York",States,New York,United States,uSA,USA
Warehouse,          Resident Cycle Shop    ,Resident Cycle Shop,HIXSON,Hixson,Tennessee,United,"States,uSA,New York",States,New York,United States,uSA,USA
Warehouse,    Sporting Goods and Bicycle Shop    ,Sporting Goods and Bicycle Shop,KINGSPORT,Kingsport,Tennessee,United,"States,uSA,New York",States,New York,United States,uSA,USA
Warehouse,   Every Bike Shop    ,Every Bike Shop,LA VERGNE,La Vergne,Tennessee,United,"States,uSA,New York",States,New York,United States,uSA,USA
Warehouse,    Ultimate Bike Shop    ,Ultimate Bike Shop,MARYVILLE,Maryville,Tennessee,United,"States,uSA,New York",States,New York,United States,uSA,USA
Specialty Bike Shop, Wonderful Bikes Inc.    ,Wonderful Bikes Inc.,MEMPHIS,Memphis,Tennessee,United,"States,uSA,New York",States,New York,United States,uSA,USA
Value Added Reseller,      Excellent Riding Supplies    ,Excellent Riding Supplies,MEMPHIS,Memphis,Tennessee,United,"States,uSA,New York",States,New York,United States,uSA,USA
Value Added Reseller,     Reliable Brake Systems    ,Reliable Brake Systems,MEMPHIS,Memphis,Tennessee,United,"States,uSA,New York",States,New York,United States,uSA,USA
Value Added Reseller,   Next-Door Bike Store    ,Next-Door Bike Store,MEMPHIS,Memphis,Tennessee,United,"States,uSA,New York",States,New York,United States,uSA,USA
Value Added Reseller,  Budget Bike Company    ,Budget Bike Company,MILLINGTON,Millington,Tennessee,United,"States,uSA,New York",States,New York,United States,uSA,USA
Warehouse,   Sports Sales and Rental    ,Sports Sales and Rental,MILLINGTON,Millington,Tennessee,United,"States,uSA,New York",States,New York,United States,uSA,USA
Warehouse,     Tandem Bicycle Store    ,Tandem Bicycle Store,MILLINGTON,Millington,Tennessee,United,"States,uSA,New York",States,New York,United States,uSA,USA
Specialty Bike Shop, Manufacturers Inc    ,Manufacturers Inc,NASHVILLE,Nashville,Tennessee,United,"States,uSA,New York",States,New York,United States,uSA,USA
Value Added Reseller,        Tiny Bike Boutique    ,Tiny Bike Boutique,NASHVILLE,Nashville,Tennessee,United,"States,uSA,New York",States,New York,United States,uSA,USA
Specialty Bike Shop,      Mountain Emporium    ,Mountain Emporium,NASHVILLE,Nashville,Tennessee,United,"States,uSA,New York",States,New York,United States,uSA,USA
Value Added Reseller,  Global Plaza    ,Global Plaza,PIGEON FORGE,Pigeon Forge,Tennessee,United,"States,uSA,New York",States,New York,United States,uSA,USA
Warehouse,     Solid Bike Parts    ,Solid Bike Parts,ARLINGTON,Arlington,Texas,United,"States,uSA,New York",States,New York,United States,uSA,USA
Value Added Reseller,  Modular Cycle Systems    ,Modular Cycle Systems,AUSTIN,Austin,Texas,United,"States,uSA,New York",States,New York,United States,uSA,USA
Value Added Reseller,        Grand Bicycle Stores    ,Grand Bicycle Stores,BAYTOWN,Baytown,Texas,United,"States,uSA,New York",States,New York,United States,uSA,USA
Warehouse,          Go-cart and Bike Specialists    ,Go-cart and Bike Specialists,CARROLLTON,Carrollton,Texas,United,"States,uSA,New York",States,New York,United States,uSA,USA
Specialty Bike Shop,    Cash & Carry Bikes    ,Cash & Carry Bikes,CEDAR PARK,Cedar Park,Texas,United,"States,uSA,New York",States,New York,United States,uSA,USA
Value Added Reseller,   Sheet Metal Manufacturing    ,Sheet Metal Manufacturing,COLLEGE STATION,College Station,Texas,United,"States,uSA,New York",States,New York,United States,uSA,USA
Warehouse,    Satin Finish Company    ,Satin Finish Company,CORPUS CHRISTI,Corpus Christi,Texas,United,"States,uSA,New York",States,New York,United States,uSA,USA
Specialty Bike Shop, Unsurpassed Bikes    ,Unsurpassed Bikes,DALLAS,Dallas,Texas,United,"States,uSA,New York",States,New York,United States,uSA,USA
Specialty Bike Shop,      Third Bike Store    ,Third Bike Store,DALLAS,Dallas,Texas,United,"States,uSA,New York",States,New York,United States,uSA,USA
Specialty Bike Shop,     Rental Bikes    ,Rental Bikes,DALLAS,Dallas,Texas,United,"States,uSA,New York",States,New York,United States,uSA,USA
Warehouse,   Elite Bikes    ,Elite Bikes,DALLAS,Dallas,Texas,United,"States,uSA,New York",States,New York,United States,uSA,USA
Warehouse,  Town Industries    ,Town Industries,DALLAS,Dallas,Texas,United,"States,uSA,New York",States,New York,United States,uSA,USA
Value Added Reseller,   Specialty Sports Store    ,Specialty Sports Store,FORT WORTH,Fort Worth,Texas,United,"States,uSA,New York",States,New York,United States,uSA,USA
Warehouse,     Paint Supply    ,Paint Supply,GARLAND,Garland,Texas,United,"States,uSA,New York",States,New York,United States,uSA,USA
Warehouse, Fitness Toy Store    ,Fitness Toy Store,GARLAND,Garland,Texas,United,"States,uSA,New York",States,New York,United States,uSA,USA
Warehouse,        Designer Department Stores    ,Designer Department Stores,HILLSBORO,Hillsboro,Texas,United,"States,uSA,New York",States,New York,United States,uSA,USA
Specialty Bike Shop,      Grease and Oil Products Company    ,Grease and Oil Products Company,HOUSTON,Houston,Texas,United,"States,uSA,New York",States,New York,United States,uSA,USA
Value Added Reseller,  The Gear Store    ,The Gear Store,HOUSTON,Houston,Texas,United,"States,uSA,New York",States,New York,United States,uSA,USA
Value Added Reseller,     Swift Cycles    ,Swift Cycles,HOUSTON,Houston,Texas,United,"States,uSA,New York",States,New York,United States,uSA,USA
Value Added Reseller,  All Seasons Sports Supply    ,All Seasons Sports Supply,HOUSTON,Houston,Texas,United,"States,uSA,New York",States,New York,United States,uSA,USA
Warehouse,        Genial Bike Associates    ,Genial Bike Associates,HUMBLE,Humble,Texas,United,"States,uSA,New York",States,New York,United States,uSA,USA
Warehouse,          Advanced Bike Components    ,Advanced Bike Components,IRVING,Irving,Texas,United,"States,uSA,New York",States,New York,United States,uSA,USA
Warehouse,    Chic Department Stores    ,Chic Department Stores,IRVING,Irving,Texas,United,"States,uSA,New York",States,New York,United States,uSA,USA
Warehouse,   Big Cycle Mall    ,Big Cycle Mall,KILLEEN,Killeen,Texas,United,"States,uSA,New York",States,New York,United States,uSA,USA
Specialty Bike Shop,   Maintenance and Repair for Bicycles    ,Maintenance and Repair for Bicycles,LA MARQUE,La Marque,Texas,United,"States,uSA,New York",States,New York,United States,uSA,USA
Value Added Reseller,   Journey Sporting Goods    ,Journey Sporting Goods,LAREDO,Laredo,Texas,United,"States,uSA,New York",States,New York,United States,uSA,USA
Warehouse,   Extraordinary Bike Works    ,Extraordinary Bike Works,MESQUITE,Mesquite,Texas,United,"States,uSA,New York",States,New York,United States,uSA,USA
Warehouse,   Two-Seater Bikes    ,Two-Seater Bikes,PLANO,Plano,Texas,United,"States,uSA,New York",States,New York,United States,uSA,USA
Value Added Reseller,   A Typical Bike Shop    ,A Typical Bike Shop,ROUND ROCK,Round Rock,Texas,United,"States,uSA,New York",States,New York,United States,uSA,USA
Warehouse,   Stationary Bikes and Stands    ,Stationary Bikes and Stands,ROUND ROCK,Round Rock,Texas,United,"States,uSA,New York",States,New York,United States,uSA,USA
Specialty Bike Shop,   Social Activities Club    ,Social Activities Club,SAN ANTONIO,San Antonio,Texas,United,"States,uSA,New York",States,New York,United States,uSA,USA
Specialty Bike Shop,   Rural Sales and Service    ,Rural Sales and Service,SAN ANTONIO,San Antonio,Texas,United,"States,uSA,New York",States,New York,United States,uSA,USA
Value Added Reseller,    Beneficial Exercises and Activities    ,Beneficial Exercises and Activities,SAN ANTONIO,San Antonio,Texas,United,"States,uSA,New York",States,New York,United States,uSA,USA
Warehouse, Genuine Bike Shop    ,Genuine Bike Shop,SAN ANTONIO,San Antonio,Texas,United,"States,uSA,New York",States,New York,United States,uSA,USA
Value Added Reseller,      Totes & Baskets Company    ,Totes & Baskets Company,SAN ANTONIO,San Antonio,Texas,United,"States,uSA,New York",States,New York,United States,uSA,USA
Specialty Bike Shop,"     Contoso, Ltd.    ","Contoso, Ltd.",SAN ANTONIO,San Antonio,Texas,United,"States,uSA,New York",States,New York,United States,uSA,USA
Specialty Bike Shop,   Global Sporting Goods    ,Global Sporting Goods,STAFFORD,Stafford,Texas,United,"States,uSA,New York",States,New York,United States,uSA,USA
Value Added Reseller,  Mountain Toy Store    ,Mountain Toy Store,SUGAR LAND,Sugar Land,Texas,United,"States,uSA,New York",States,New York,United States,uSA,USA
Value Added Reseller,   Countryside Company    ,Countryside Company,BOUNTIFUL,Bountiful,Utah,United,"States,uSA,New York",States,New York,United States,uSA,USA
Specialty Bike Shop,     Western Bike Supplies    ,Western Bike Supplies,CEDAR CITY,Cedar City,Utah,United,"States,uSA,New York",States,New York,United States,uSA,USA
Warehouse, Utilitarian Sporting Goods    ,Utilitarian Sporting Goods,OGDEN,Ogden,Utah,United,"States,uSA,New York",States,New York,United States,uSA,USA
Warehouse,        Fashionable Bikes and Accessories    ,Fashionable Bikes and Accessories,PARK CITY,Park City,Utah,United,"States,uSA,New York",States,New York,United States,uSA,USA
Warehouse,      Roadway Supplies    ,Roadway Supplies,RIVERTON,Riverton,Utah,United,"States,uSA,New York",States,New York,United States,uSA,USA
Value Added Reseller,  Frugal Bike Shop    ,Frugal Bike Shop,SALT LAKE CITY,Salt Lake City,Utah,United,"States,uSA,New York",States,New York,United States,uSA,USA
Value Added Reseller,     Associated Bikes    ,Associated Bikes,SALT LAKE CITY,Salt Lake City,Utah,United,"States,uSA,New York",States,New York,United States,uSA,USA
Specialty Bike Shop,  Transport Bikes    ,Transport Bikes,SANDY,Sandy,Utah,United,"States,uSA,New York",States,New York,United States,uSA,USA
Value Added Reseller,        Brakes and Gears    ,Brakes and Gears,TOOELE,Tooele,Utah,United,"States,uSA,New York",States,New York,United States,uSA,USA
Warehouse,          Sales and Supply Company    ,Sales and Supply Company,CHANTILLY,Chantilly,Virginia,United,"States,uSA,New York",States,New York,United States,uSA,USA
Value Added Reseller,    The Cycle Store    ,The Cycle Store,FALLS CHURCH,Falls Church,Virginia,United,"States,uSA,New York",States,New York,United States,uSA,USA
Value Added Reseller,   Clamps & Brackets Co.    ,Clamps & Brackets Co.,LEESBURG,Leesburg,Virginia,United,"States,uSA,New York",States,New York,United States,uSA,USA
Specialty Bike Shop,   Trusted Catalog Store    ,Trusted Catalog Store,NEWPORT NEWS,Newport News,Virginia,United,"States,uSA,New York",States,New York,United States,uSA,USA
Value Added Reseller,   Bike Products and Accessories    ,Bike Products and Accessories,VIRGINIA BEACH,Virginia Beach,Virginia,United,"States,uSA,New York",States,New York,United States,uSA,USA
Warehouse,   Safe Cycles Shop    ,Safe Cycles Shop,BELLEVUE,Bellevue,Washington,United,"States,uSA,New York",States,New York,United States,uSA,USA
Warehouse,    Friendly Bike Shop    ,Friendly Bike Shop,BELLINGHAM,Bellingham,Washington,United,"States,uSA,New York",States,New York,United States,uSA,USA
Value Added Reseller, Running and Cycling Gear    ,Running and Cycling Gear,BELLINGHAM,Bellingham,Washington,United,"States,uSA,New York",States,New York,United States,uSA,USA
Specialty Bike Shop,      All Cycle Shop    ,All Cycle Shop,BOTHELL,Bothell,Washington,United,"States,uSA,New York",States,New York,United States,uSA,USA
Value Added Reseller,     Center Cycle Shop    ,Center Cycle Shop,BOTHELL,Bothell,Washington,United,"States,uSA,New York",States,New York,United States,uSA,USA
Warehouse,   Vast Bike Sales and Rental    ,Vast Bike Sales and Rental,CHEHALIS,Chehalis,Washington,United,"States,uSA,New York",States,New York,United States,uSA,USA
Value Added Reseller,  Mail-Order Outlet    ,Mail-Order Outlet,ELLENSBURG,Ellensburg,Washington,United,"States,uSA,New York",States,New York,United States,uSA,USA
Specialty Bike Shop,   Fifth Bike Store    ,Fifth Bike Store,EVERETT,Everett,Washington,United,"States,uSA,New York",States,New York,United States,uSA,USA
Warehouse,     Rugged Bikes    ,Rugged Bikes,EVERETT,Everett,Washington,United,"States,uSA,New York",States,New York,United States,uSA,USA
Warehouse, Coho Sports    ,Coho Sports,EVERETT,Everett,Washington,United,"States,uSA,New York",States,New York,United States,uSA,USA
Warehouse,        Racing Bike Outlet    ,Racing Bike Outlet,FEDERAL WAY,Federal Way,Washington,United,"States,uSA,New York",States,New York,United States,uSA,USA
Value Added Reseller,      Travel Sports    ,Travel Sports,ISSAQUAH,Issaquah,Washington,United,"States,uSA,New York",States,New York,United States,uSA,USA
Warehouse,  Honest Repair Service    ,Honest Repair Service,KELSO,Kelso,Washington,United,"States,uSA,New York",States,New York,United States,uSA,USA
Specialty Bike Shop,     Official Parts Shop    ,Official Parts Shop,KELSO,Kelso,Washington,United,"States,uSA,New York",States,New York,United States,uSA,USA
Value Added Reseller,  Wingtip Toys    ,Wingtip Toys,KENNEWICK,Kennewick,Washington,United,"States,uSA,New York",States,New York,United States,uSA,USA
Warehouse,        Year-Round Sports    ,Year-Round Sports,KENT,Kent,Washington,United,"States,uSA,New York",States,New York,United States,uSA,USA
Specialty Bike Shop,          Central Discount Store    ,Central Discount Store,KENT,Kent,Washington,United,"States,uSA,New York",States,New York,United States,uSA,USA
Value Added Reseller,    Finer Parts Shop    ,Finer Parts Shop,KIRKLAND,Kirkland,Washington,United,"States,uSA,New York",States,New York,United States,uSA,USA
Value Added Reseller,   Thorough Parts and Repair Services    ,Thorough Parts and Repair Services,LACEY,Lacey,Washington,United,"States,uSA,New York",States,New York,United States,uSA,USA
Value Added Reseller,   Sure & Reliable Sporting Goods    ,Sure & Reliable Sporting Goods,LONGVIEW,Longview,Washington,United,"States,uSA,New York",States,New York,United States,uSA,USA
Specialty Bike Shop,   Certified Bicycle Supply    ,Certified Bicycle Supply,LYNNWOOD,Lynnwood,Washington,United,"States,uSA,New York",States,New York,United States,uSA,USA
Value Added Reseller,   Outdoor Sports Supply    ,Outdoor Sports Supply,NORTH BEND,North Bend,Washington,United,"States,uSA,New York",States,New York,United States,uSA,USA
Value Added Reseller,   Basic Bike Company    ,Basic Bike Company,PORT ORCHARD,Port Orchard,Washington,United,"States,uSA,New York",States,New York,United States,uSA,USA
Specialty Bike Shop,   Roving Sports    ,Roving Sports,PUYALLUP,Puyallup,Washington,United,"States,uSA,New York",States,New York,United States,uSA,USA
Value Added Reseller,    Two Bike Shops    ,Two Bike Shops,PUYALLUP,Puyallup,Washington,United,"States,uSA,New York",States,New York,United States,uSA,USA
Specialty Bike Shop, Riding Associates    ,Riding Associates,PUYALLUP,Puyallup,Washington,United,"States,uSA,New York",States,New York,United States,uSA,USA
Warehouse,      The Bike Shop    ,The Bike Shop,PUYALLUP,Puyallup,Washington,United,"States,uSA,New York",States,New York,United States,uSA,USA
Warehouse,     Front Sporting Goods    ,Front Sporting Goods,REDMOND,Redmond,Washington,United,"States,uSA,New York",States,New York,United States,uSA,USA
Warehouse,   Raw Materials Inc    ,Raw Materials Inc,REDMOND,Redmond,Washington,United,"States,uSA,New York",States,New York,United States,uSA,USA
Specialty Bike Shop,  Progressive Sports    ,Progressive Sports,RENTON,Renton,Washington,United,"States,uSA,New York",States,New York,United States,uSA,USA
Specialty Bike Shop,   Moderately-Priced Bikes Store    ,Moderately-Priced Bikes Store,RENTON,Renton,Washington,United,"States,uSA,New York",States,New York,United States,uSA,USA
Warehouse,     Authorized Bike Sales and Rental    ,Authorized Bike Sales and Rental,RENTON,Renton,Washington,United,"States,uSA,New York",States,New York,United States,uSA,USA
Warehouse, Closeout Boutique    ,Closeout Boutique,SEATTLE,Seattle,Washington,United,"States,uSA,New York",States,New York,United States,uSA,USA
Value Added Reseller,        A Bike Store    ,A Bike Store,SEATTLE,Seattle,Washington,United,"States,uSA,New York",States,New York,United States,uSA,USA
Value Added Reseller,      Latest Sports Equipment    ,Latest Sports Equipment,SEATTLE,Seattle,Washington,United,"States,uSA,New York",States,New York,United States,uSA,USA
Value Added Reseller,  Capable Sales and Service    ,Capable Sales and Service,SEATTLE,Seattle,Washington,United,"States,uSA,New York",States,New York,United States,uSA,USA
Value Added Reseller,     Fitness Supplies    ,Fitness Supplies,SEQUIM,Sequim,Washington,United,"States,uSA,New York",States,New York,United States,uSA,USA
Warehouse,  City Manufacturing    ,City Manufacturing,SHELTON,Shelton,Washington,United,"States,uSA,New York",States,New York,United States,uSA,USA
Specialty Bike Shop,        Grand Cycle Store    ,Grand Cycle Store,SPOKANE,Spokane,Washington,United,"States,uSA,New York",States,New York,United States,uSA,USA
Value Added Reseller,          Imaginary Toys    ,Imaginary Toys,SPOKANE,Spokane,Washington,United,"States,uSA,New York",States,New York,United States,uSA,USA
Warehouse,    Outstanding Cycles    ,Outstanding Cycles,SPOKANE,Spokane,Washington,United,"States,uSA,New York",States,New York,United States,uSA,USA
Specialty Bike Shop,   Synthetic Materials Manufacturing    ,Synthetic Materials Manufacturing,TACOMA,Tacoma,Washington,United,"States,uSA,New York",States,New York,United States,uSA,USA
Warehouse,   Metro Cycle Shop    ,Metro Cycle Shop,TACOMA,Tacoma,Washington,United,"States,uSA,New York",States,New York,United States,uSA,USA
Specialty Bike Shop,   Impromptu Trips    ,Impromptu Trips,UNION GAP,Union Gap,Washington,United,"States,uSA,New York",States,New York,United States,uSA,USA
Specialty Bike Shop,   Alternative Vehicles    ,Alternative Vehicles,WASHOUGAL,Washougal,Washington,United,"States,uSA,New York",States,New York,United States,uSA,USA
Value Added Reseller,    Demand Distributors    ,Demand Distributors,WENATCHEE,Wenatchee,Washington,United,"States,uSA,New York",States,New York,United States,uSA,USA
Specialty Bike Shop, Sports Commodities    ,Sports Commodities,WOODINVILLE,Woodinville,Washington,United,"States,uSA,New York",States,New York,United States,uSA,USA
Specialty Bike Shop,      Friendly Neighborhood Bikes    ,Friendly Neighborhood Bikes,JOHNSON CREEK,Johnson Creek,Wisconsin,United,"States,uSA,New York",States,New York,United States,uSA,USA
Specialty Bike Shop,     Unique Bikes    ,Unique Bikes,MILWAUKEE,Milwaukee,Wisconsin,United,"States,uSA,New York",States,New York,United States,uSA,USA
Value Added Reseller,   Little Bicycle Supply Shop    ,Little Bicycle Supply Shop,MOSINEE,Mosinee,Wisconsin,United,"States,uSA,New York",States,New York,United States,uSA,USA
Value Added Reseller,  Good Bike Shop    ,Good Bike Shop,RACINE,Racine,Wisconsin,United,"States,uSA,New York",States,New York,United States,uSA,USA
Value Added Reseller,   Great Bikes    ,Great Bikes,CASPER,Casper,Wyoming,United,"States,uSA,New York",States,New York,United States,uSA,USA
Specialty Bike Shop,     Some Discount Store    ,Some Discount Store,CHEYENNE,Cheyenne,Wyoming,United,"States,uSA,New York",States,New York,United States,uSA,USA
Specialty Bike Shop, First Department Stores    ,First Department Stores,CHEYENNE,Cheyenne,Wyoming,United,"States,uSA,New York",States,New York,United States,uSA,USA
Warehouse,        Tires and Tubes    ,Tires and Tubes,CHEYENNE,Cheyenne,Wyoming,United,"States,uSA,New York",States,New York,United States,uSA,USA
Warehouse,      Major Sport Suppliers    ,Major Sport Suppliers,ROCK SPRINGS,Rock Springs,Wyoming,United,"States,uSA,New York",States,New York,United States,uSA,USA
